R1_percent,R2_percent,R3_percent,R4_percent,R5_percent,R6_percent,R7_percent,agriculture_ratio,bare_ratio,built_ag_mix,built_green_mix,builtup_agriculture_adjacency,builtup_ratio,builtup_vegetation_adjacency,centroid_lat,centroid_lon,class_1_patch_count,class_1_ratio,class_2_patch_count,class_2_ratio,class_3_patch_count,class_3_ratio,class_4_patch_count,class_4_ratio,class_5_patch_count,class_5_ratio,class_6_patch_count,class_6_ratio,class_7_patch_count,class_7_ratio,crs,dataset_role,developed_ratio,dominance_score,dominant_class,dominant_class_name,edge_density_4n,entropy,fragmentation_index,grass_ratio,height,landcover_entropy,natural_green_ratio,open_land_ratio,prediction_path,second_dominant_class,second_dominant_class_name,tile_id,tree_ratio,valid_adjacencies_4n,valid_pixel_count,vegetation_ratio,water_green_mix,water_ratio,water_vegetation_adjacency,width
0.759960706357371,0.0,94.79049836405406,0.6864785006536048,3.6787512666011777,0.08431116233379485,0.0,0.0,0.0008431116233379484,0.0,0.029933104201517218,0.0,0.00759960706357371,0.0025575695339217037,18.910747192639825,98.89753662976882,47,0.00759960706357371,0,0.0,7,0.9479049836405405,57,0.006864785006536049,81,0.036787512666011775,5,0.0008431116233379484,0,0.0,EPSG:32647,TEST40,0.00759960706357371,0.9479049836405405,3,Tree / Woody Cover,0.011292057002799763,0.12819475599261787,0.5664777071722632,0.036787512666011775,512,0.12819475599261787,0.9846924963065523,0.037630624289349726,D:\499_4\FINAL_INFERENCE\A7_RGBN_REVISED7_TVERSKY_TEST40\geotiff\tile_r00_c00_prediction.tif,5,Grassland / Herbaceous Cover,tile_r00_c00,0.9479049836405405,516115,258566,0.9846924963065523,0.027038809138775096,0.006864785006536049,0.0025575695339217037,512
14.403819104696671,0.711304427592955,62.48050697162426,1.6721960616438356,20.223061399217222,0.5091120352250489,0.0,0.00711304427592955,0.0050911203522504885,0.004098200121367494,0.47649889525060557,9.957088777020571e-05,0.14403819104696672,0.032042677614358125,18.910754665789376,98.91212268984894,357,0.14403819104696672,14,0.00711304427592955,104,0.6248050697162426,63,0.016721960616438356,190,0.20223061399217224,21,0.0050911203522504885,0,0.0,EPSG:32647,TEST40,0.14403819104696672,0.6248050697162426,3,Tree / Woody Cover,0.06074781566364954,0.5275999009410385,0.5886774712649968,0.20223061399217224,512,0.5275999009410385,0.8270356837084148,0.20732173434442272,D:\499_4\FINAL_INFERENCE\A7_RGBN_REVISED7_TVERSKY_TEST40\geotiff\tile_r00_c01_prediction.tif,5,Grassland / Herbaceous Cover,tile_r00_c01,0.6248050697162426,522241,261632,0.8341487279843444,0.05531863252544513,0.016721960616438356,0.003864116375389906,512
15.961582612688453,0.5085329455881227,61.763985612611926,2.0436978648503863,19.4145557511288,0.3076452131323181,0.0,0.005085329455881226,0.0030764521313231805,0.0032467962489114485,0.5182951977419576,1.3418779006128548e-05,0.15961582612688452,0.03064465731313871,18.91076099358688,98.92670875625319,239,0.15961582612688452,9,0.005085329455881226,152,0.6176398561261193,55,0.020436978648503863,201,0.19414555751128798,9,0.0030764521313231805,0,0.0,EPSG:32647,TEST40,0.15961582612688452,0.6176398561261193,3,Tree / Woody Cover,0.0557952831074825,0.5308032519599333,0.6287777932865649,0.19414555751128798,512,0.5308032519599333,0.8117854136374072,0.19722200964261116,D:\499_4\FINAL_INFERENCE\A7_RGBN_REVISED7_TVERSKY_TEST40\geotiff\tile_r00_c02_prediction.tif,5,Grassland / Herbaceous Cover,tile_r00_c02,0.6176398561261193,521657,261340,0.8168707430932884,0.06636176466269827,0.020436978648503863,0.0037476732795687587,512
41.43382352941177,0.38181678921568624,38.02428002450981,0.17041973039215685,18.20657169117647,1.7830882352941175,0.0,0.003818167892156862,0.017830882352941176,0.006328051785971741,0.9319436747585064,4.0290243237954174e-05,0.4143382352941177,0.043077944353418336,18.910766176030375,98.94129482793188,164,0.4143382352941177,5,0.003818167892156862,269,0.38024280024509804,31,0.0017041973039215686,175,0.1820657169117647,14,0.017830882352941176,0,0.0,EPSG:32647,TEST40,0.4143382352941177,0.4143382352941177,1,Built-up & Impervious,0.06080373279510685,0.5893332439803435,0.4454067396891697,0.1820657169117647,512,0.5893332439803435,0.5623085171568627,0.19989659926470588,D:\499_4\FINAL_INFERENCE\A7_RGBN_REVISED7_TVERSKY_TEST40\geotiff\tile_r00_c03_prediction.tif,3,Tree / Woody Cover,tile_r00_c03,0.38024280024509804,521218,261120,0.5661266850490196,0.0038331386356434422,0.0017041973039215686,0.0006983642161245391,512
0.053243205703967775,0.0,98.03193049060913,0.30479806163865614,1.610028242048243,0.0,0.0,0.0,0.0,0.0,0.002122102922219658,0.0,0.0005324320570396778,0.00023581395438739594,18.896865185577095,98.89754507997115,6,0.0005324320570396778,0,0.0,2,0.9803193049060913,46,0.003047980616386561,71,0.01610028242048243,0,0.0,0,0.0,EPSG:32647,TEST40,0.0005324320570396778,0.9803193049060913,3,Tree / Woody Cover,0.005961067502710894,0.05531282918588682,0.6030088802569267,0.01610028242048243,512,0.05531282918588682,0.9964195873265738,0.01610028242048243,D:\499_4\FINAL_INFERENCE\A7_RGBN_REVISED7_TVERSKY_TEST40\geotiff\tile_r01_c00_prediction.tif,5,Grassland / Herbaceous Cover,tile_r01_c00,0.9803193049060913,517357,259188,0.9964195873265738,0.012148270351837173,0.003047980616386561,0.0015501868149073077,512
5.3432464599609375,0.00457763671875,77.26974487304688,0.989532470703125,15.808868408203125,0.5840301513671875,0.0,4.57763671875e-05,0.005840301513671875,9.783776476979256e-06,0.19893678836524487,0.0,0.053432464599609375,0.01411524584148728,18.896872652836468,98.91212993713611,205,0.053432464599609375,2,4.57763671875e-05,43,0.7726974487304688,58,0.00989532470703125,158,0.15808868408203125,12,0.005840301513671875,0,0.0,EPSG:32647,TEST40,0.053432464599609375,0.7726974487304688,3,Tree / Woody Cover,0.03762918909001957,0.3718328545235022,0.5406787934417987,0.15808868408203125,512,0.3718328545235022,0.9307861328125,0.16392898559570312,D:\499_4\FINAL_INFERENCE\A7_RGBN_REVISED7_TVERSKY_TEST40\geotiff\tile_r01_c01_prediction.tif,5,Grassland / Herbaceous Cover,tile_r01_c01,0.7726974487304688,523264,262144,0.9308319091796875,0.03684172406792641,0.00989532470703125,0.0029889310176125245,512
2.861785888671875,0.0,91.0614013671875,1.4583587646484375,4.166412353515625,0.4520416259765625,0.0,0.0,0.004520416259765625,0.0,0.10900864540599287,0.0,0.02861785888671875,0.006031372309197652,18.896878975646537,98.92671480062282,55,0.02861785888671875,0,0.0,32,0.910614013671875,9,0.014583587646484375,58,0.04166412353515625,3,0.004520416259765625,0,0.0,EPSG:32647,TEST40,0.02861785888671875,0.910614013671875,3,Tree / Woody Cover,0.012697223581213307,0.20835674936695267,0.3570341064617673,0.04166412353515625,512,0.20835674936695267,0.9522781372070312,0.046184539794921875,D:\499_4\FINAL_INFERENCE\A7_RGBN_REVISED7_TVERSKY_TEST40\geotiff\tile_r01_c02_prediction.tif,5,Grassland / Herbaceous Cover,tile_r01_c02,0.910614013671875,523264,262144,0.9522781372070312,0.055550526711158454,0.014583587646484375,0.0009994954745596869,512
20.165252685546875,1.3942718505859375,52.02445983886719,3.803253173828125,20.8526611328125,1.760101318359375,0.0,0.013942718505859375,0.01760101318359375,0.011246337671764195,0.5878342237556353,0.0002962175880626223,0.20165252685546875,0.023754739481409003,18.896884154005345,98.94129966938196,137,0.20165252685546875,26,0.013942718505859375,151,0.5202445983886719,35,0.03803253173828125,151,0.208526611328125,26,0.01760101318359375,0,0.0,EPSG:32647,TEST40,0.20165252685546875,0.5202445983886719,3,Tree / Woody Cover,0.04696482081702544,0.6396847116921509,0.4988489865769681,0.208526611328125,512,0.6396847116921509,0.7287712097167969,0.22612762451171875,D:\499_4\FINAL_INFERENCE\A7_RGBN_REVISED7_TVERSKY_TEST40\geotiff\tile_r01_c03_prediction.tif,5,Grassland / Herbaceous Cover,tile_r01_c03,0.5202445983886719,523264,262144,0.7427139282226562,0.11086805665399879,0.03803253173828125,0.003260304549902153,512
0.0,0.0,94.39218133629191,2.172321868836292,3.412768121301775,0.022728673570019724,0.0,0.0,0.00022728673570019723,0.0,0.0,0.0,0.0,0.0,18.88298315779871,98.89755352280244,0,0.0,0,0.0,2,0.9439218133629191,156,0.02172321868836292,88,0.03412768121301775,1,0.00022728673570019723,0,0.0,EPSG:32647,TEST40,0.0,0.9439218133629191,3,Tree / Woody Cover,0.014812341623741433,0.13096180121506557,0.4216581324567162,0.03412768121301775,512,0.13096180121506557,0.9780494945759369,0.034354967948717945,D:\499_4\FINAL_INFERENCE\A7_RGBN_REVISED7_TVERSKY_TEST40\geotiff\tile_r02_c00_prediction.tif,5,Grassland / Herbaceous Cover,tile_r02_c00,0.9439218133629191,518149,259584,0.9780494945759369,0.08498553223486362,0.02172321868836292,0.007602060411194464,512
0.0057220458984375,0.0,95.85685729980469,1.5575408935546875,2.5798797607421875,0.0,0.0,0.0,0.0,0.0,0.00022530381102114916,0.0,5.7220458984375e-05,3.439946183953033e-05,18.882990619168833,98.91213717810156,1,5.7220458984375e-05,0,0.0,1,0.9585685729980469,83,0.015575408935546875,43,0.025798797607421875,0,0.0,0,0.0,EPSG:32647,TEST40,5.7220458984375e-05,0.9585685729980469,3,Tree / Woody Cover,0.009811490949119374,0.10293540543526679,0.41233114268837345,0.025798797607421875,512,0.10293540543526679,0.9843673706054688,0.025798797607421875,D:\499_4\FINAL_INFERENCE\A7_RGBN_REVISED7_TVERSKY_TEST40\geotiff\tile_r02_c01_prediction.tif,5,Grassland / Herbaceous Cover,tile_r02_c01,0.9585685729980469,523264,262144,0.9843673706054688,0.0613276973599568,0.015575408935546875,0.005096853595890411,512
0.0,0.0,96.36993408203125,3.0429840087890625,0.5870819091796875,0.0,0.0,0.0,0.0,0.0,0.0,0.0,0.0,0.0,18.882996936992264,98.92672083971999,0,0.0,0,0.0,2,0.9636993408203125,13,0.030429840087890625,15,0.005870819091796875,0,0.0,0,0.0,EPSG:32647,TEST40,0.0,0.9636993408203125,3,Tree / Woody Cover,0.0034475905088062623,0.08842526835457856,0.2540505815945004,0.005870819091796875,512,0.08842526835457856,0.9695701599121094,0.005870819091796875,D:\499_4\FINAL_INFERENCE\A7_RGBN_REVISED7_TVERSKY_TEST40\geotiff\tile_r02_c02_prediction.tif,4,Water,tile_r02_c02,0.9636993408203125,523264,262144,0.9695701599121094,0.11801545968046412,0.030429840087890625,0.0023372523238747553,512
4.9640655517578125,2.19879150390625,77.48908996582031,8.727264404296875,6.494903564453125,0.125885009765625,0.0,0.0219879150390625,0.00125885009765625,0.004365978064015508,0.16676081967307255,0.00046439273483365947,0.049640655517578125,0.008383913282778864,18.883002111267025,98.9413045066089,105,0.049640655517578125,3,0.0219879150390625,66,0.7748908996582031,10,0.08727264404296875,80,0.06494903564453125,4,0.00125885009765625,0,0.0,EPSG:32647,TEST40,0.049640655517578125,0.7748908996582031,3,Tree / Woody Cover,0.019418496208414873,0.4262501900199651,0.39280784868825114,0.06494903564453125,512,0.4262501900199651,0.8398399353027344,0.0662078857421875,D:\499_4\FINAL_INFERENCE\A7_RGBN_REVISED7_TVERSKY_TEST40\geotiff\tile_r02_c03_prediction.tif,4,Water,tile_r02_c03,0.7748908996582031,523264,262144,0.8618278503417969,0.29318020690698177,0.08727264404296875,0.00340745780332681,512
0.004237549309664694,0.0,86.25261957593689,6.09166974852071,7.651473126232741,0.0,0.0,0.0,0.0,0.0,0.00015916928928190737,0.0,4.237549309664694e-05,3.4739042244605316e-05,18.869101109317562,98.89756195826551,2,4.237549309664694e-05,0,0.0,10,0.862526195759369,165,0.060916697485207096,98,0.07651473126232741,0,0.0,0,0.0,EPSG:32647,TEST40,4.237549309664694e-05,0.862526195759369,3,Tree / Woody Cover,0.025917255461266935,0.25443577793117406,0.4300439659248392,0.07651473126232741,512,0.25443577793117406,0.9390409270216964,0.07651473126232741,D:\499_4\FINAL_INFERENCE\A7_RGBN_REVISED7_TVERSKY_TEST40\geotiff\tile_r03_c00_prediction.tif,5,Grassland / Herbaceous Cover,tile_r03_c00,0.862526195759369,518149,259584,0.9390409270216964,0.22881308831043645,0.060916697485207096,0.013885967163885292,512
0.104522705078125,0.0,92.49763488769531,2.704620361328125,4.69207763671875,0.0011444091796875,0.0,0.0,1.1444091796875e-05,0.0,0.004063412663526833,0.0,0.00104522705078125,0.00040323813600782777,18.869108564799387,98.91214441274765,11,0.00104522705078125,0,0.0,3,0.9249763488769531,110,0.02704620361328125,60,0.0469207763671875,1,1.1444091796875e-05,0,0.0,EPSG:32647,TEST40,0.00104522705078125,0.9249763488769531,3,Tree / Woody Cover,0.01571673189823875,0.1647698393462392,0.3845961138153525,0.0469207763671875,512,0.1647698393462392,0.9718971252441406,0.046932220458984375,D:\499_4\FINAL_INFERENCE\A7_RGBN_REVISED7_TVERSKY_TEST40\geotiff\tile_r03_c01_prediction.tif,5,Grassland / Herbaceous Cover,tile_r03_c01,0.9249763488769531,523264,262144,0.9718971252441406,0.10514451016206294,0.02704620361328125,0.007770456213307241,512
0.1308441162109375,0.0,98.25935363769531,0.5123138427734375,1.00860595703125,0.0888824462890625,0.0,0.0,0.000888824462890625,0.0,0.00519545137649402,0.0,0.001308441162109375,0.0006077238258317025,18.86911487763696,98.92672687354673,19,0.001308441162109375,0,0.0,3,0.9825935363769531,34,0.005123138427734375,31,0.0100860595703125,10,0.000888824462890625,0,0.0,EPSG:32647,TEST40,0.001308441162109375,0.9825935363769531,3,Tree / Woody Cover,0.004867523850293542,0.054250303754198925,0.554341858116896,0.0100860595703125,512,0.054250303754198925,0.9926795959472656,0.010974884033203125,D:\499_4\FINAL_INFERENCE\A7_RGBN_REVISED7_TVERSKY_TEST40\geotiff\tile_r03_c02_prediction.tif,5,Grassland / Herbaceous Cover,tile_r03_c02,0.9825935363769531,523264,262144,0.9926795959472656,0.020342539937701076,0.005123138427734375,0.0017486393101761252,512
6.170654296875,0.9777069091796875,62.96348571777344,20.94879150390625,8.243942260742188,0.6954193115234375,0.0,0.009777069091796875,0.006954193115234375,0.0024132365360856056,0.17575856857001781,0.00016817514677103717,0.06170654296875,0.014340753424657534,18.869120047828332,98.94130933961428,147,0.06170654296875,4,0.009777069091796875,67,0.6296348571777344,14,0.2094879150390625,106,0.08243942260742188,21,0.006954193115234375,0,0.0,EPSG:32647,TEST40,0.06170654296875,0.6296348571777344,3,Tree / Woody Cover,0.028545820083170255,0.5530277870380141,0.42303405178065967,0.08243942260742188,512,0.5530277870380141,0.7120742797851562,0.08939361572265625,D:\499_4\FINAL_INFERENCE\A7_RGBN_REVISED7_TVERSKY_TEST40\geotiff\tile_r03_c03_prediction.tif,4,Water,tile_r03_c03,0.6296348571777344,523264,262144,0.7218513488769531,0.5966838249005377,0.2094879150390625,0.005398804427592955,512
77.48527526855469,0.395965576171875,13.628768920898438,0.67291259765625,7.0323944091796875,0.7846832275390625,0.0,0.00395965576171875,0.007846832275390625,0.012272600666619837,0.6403743711998686,1.1466487279843444e-05,0.7748527526855469,0.03172777030332681,18.79971809741719,99.01421587202458,53,0.7748527526855469,6,0.00395965576171875,277,0.13628768920898438,17,0.0067291259765625,128,0.07032394409179688,16,0.007846832275390625,0,0.0,EPSG:32647,TEST40,0.7748527526855469,0.7748527526855469,1,Built-up & Impervious,0.03796936154598826,0.3851935894867591,0.5450904102365756,0.07032394409179688,512,0.3851935894867591,0.20661163330078125,0.0781707763671875,D:\499_4\FINAL_INFERENCE\A7_RGBN_REVISED7_TVERSKY_TEST40\geotiff\tile_r08_c08_prediction.tif,3,Tree / Woody Cover,tile_r08_c08,0.13628768920898438,523264,262144,0.2105712890625,0.005561262834817171,0.0067291259765625,0.00046439273483365947,512
66.77932739257812,4.0424346923828125,13.982391357421875,4.8603057861328125,9.131240844726562,1.2042999267578125,0.0,0.040424346923828125,0.012042999267578125,0.10798042791429907,0.6174051248235628,0.0017448171477495108,0.6677932739257812,0.026231500733855186,18.799716418363683,99.02879235927894,65,0.6677932739257812,32,0.040424346923828125,214,0.13982391357421875,43,0.048603057861328125,134,0.09131240844726562,15,0.012042999267578125,0,0.0,EPSG:32647,TEST40,0.6677932739257812,0.6677932739257812,1,Built-up & Impervious,0.0415430834148728,0.5617797447857361,0.614266067702811,0.09131240844726562,512,0.5617797447857361,0.23113632202148438,0.10335540771484375,D:\499_4\FINAL_INFERENCE\A7_RGBN_REVISED7_TVERSKY_TEST40\geotiff\tile_r08_c09_prediction.tif,3,Tree / Woody Cover,tile_r08_c09,0.13982391357421875,523264,262144,0.2715606689453125,0.0449357281322591,0.048603057861328125,0.003042441291585127,512
42.87528991699219,15.143585205078125,22.7203369140625,3.0208587646484375,13.301849365234375,2.938079833984375,0.0,0.15143585205078125,0.02938079833984375,0.2597142424201593,0.6177846720675007,0.003342481042074364,0.4287528991699219,0.037342526908023484,18.79971360117033,99.04336884446612,108,0.4287528991699219,26,0.15143585205078125,358,0.227203369140625,27,0.030208587646484375,203,0.13301849365234375,16,0.02938079833984375,0,0.0,EPSG:32647,TEST40,0.4287528991699219,0.4287528991699219,1,Built-up & Impervious,0.06251911081213307,0.7520054283879725,0.5920255400838125,0.13301849365234375,512,0.7520054283879725,0.36022186279296875,0.1623992919921875,D:\499_4\FINAL_INFERENCE\A7_RGBN_REVISED7_TVERSKY_TEST40\geotiff\tile_r08_c10_prediction.tif,3,Tree / Woody Cover,tile_r08_c10,0.227203369140625,523264,262144,0.51165771484375,0.04352717485744506,0.030208587646484375,0.002035301492172211,512
33.84552001953125,32.39555358886719,18.933868408203125,1.5705108642578125,9.515380859375,3.739166259765625,0.0,0.3239555358886719,0.03739166259765625,0.43857774301432073,0.3851518542505801,0.004382109222113503,0.3384552001953125,0.02320817025440313,18.799709645838014,99.05794532653964,104,0.3384552001953125,32,0.3239555358886719,227,0.18933868408203125,39,0.015705108642578125,118,0.09515380859375,18,0.03739166259765625,0,0.0,EPSG:32647,TEST40,0.3384552001953125,0.3384552001953125,1,Built-up & Impervious,0.047287793542074366,0.7497054635764764,0.615297352059835,0.09515380859375,512,0.7497054635764764,0.28449249267578125,0.13254547119140625,D:\499_4\FINAL_INFERENCE\A7_RGBN_REVISED7_TVERSKY_TEST40\geotiff\tile_r08_c11_prediction.tif,2,Agricultural Land / Cropland,tile_r08_c11,0.18933868408203125,523264,262144,0.6084480285644531,0.017871942021884024,0.015705108642578125,0.002249342588062622,512
74.81193542480469,0.0385284423828125,17.008209228515625,0.2239227294921875,7.2727203369140625,0.644683837890625,0.0,0.000385284423828125,0.00644683837890625,0.0011529549374245107,0.7266013338812627,2.866621819960861e-05,0.7481193542480469,0.0369507552592955,18.785835903173965,99.01421470703671,67,0.7481193542480469,4,0.000385284423828125,295,0.17008209228515625,6,0.002239227294921875,140,0.07272720336914062,10,0.00644683837890625,0,0.0,EPSG:32647,TEST40,0.7481193542480469,0.7481193542480469,1,Built-up & Impervious,0.043012704867906065,0.3896513353404786,0.4722063604620401,0.07272720336914062,512,0.3896513353404786,0.24280929565429688,0.07917404174804688,D:\499_4\FINAL_INFERENCE\A7_RGBN_REVISED7_TVERSKY_TEST40\geotiff\tile_r09_c08_prediction.tif,3,Tree / Woody Cover,tile_r09_c08,0.17008209228515625,523264,262144,0.243194580078125,0.002174820809159428,0.002239227294921875,0.00014906433463796477,512
78.59611511230469,4.20379638671875,10.037612915039062,1.7368316650390625,4.0042877197265625,1.421356201171875,0.0,0.0420379638671875,0.01421356201171875,0.13216082588769495,0.44145553547423333,0.00013568676614481408,0.7859611511230469,0.022095920988258317,18.785834225450554,99.02878999975113,29,0.7859611511230469,3,0.0420379638671875,261,0.10037612915039062,15,0.017368316650390625,85,0.040042877197265625,8,0.01421356201171875,0,0.0,EPSG:32647,TEST40,0.7859611511230469,0.7859611511230469,1,Built-up & Impervious,0.02783489787181996,0.4177864216815977,0.357591142353829,0.040042877197265625,512,0.4177864216815977,0.14041900634765625,0.054256439208984375,D:\499_4\FINAL_INFERENCE\A7_RGBN_REVISED7_TVERSKY_TEST40\geotiff\tile_r09_c09_prediction.tif,3,Tree / Woody Cover,tile_r09_c09,0.10037612915039062,523264,262144,0.18245697021484375,0.00975536706391722,0.017368316650390625,0.0006383011252446184,512
55.32989501953125,2.7873992919921875,24.383544921875,1.415252685546875,14.441299438476562,1.642608642578125,0.0,0.027873992919921875,0.01642608642578125,0.06169060408137739,0.8592698250431567,0.0003401724559686888,0.5532989501953125,0.038393621575342464,18.7858314104889,99.04336529039918,109,0.5532989501953125,10,0.027873992919921875,284,0.24383544921875,30,0.01415252685546875,172,0.14441299438476562,16,0.01642608642578125,0,0.0,EPSG:32647,TEST40,0.5532989501953125,0.5532989501953125,1,Built-up & Impervious,0.05395364481409002,0.6056717486615314,0.507546668453545,0.14441299438476562,512,0.6056717486615314,0.3882484436035156,0.16083908081054688,D:\499_4\FINAL_INFERENCE\A7_RGBN_REVISED7_TVERSKY_TEST40\geotiff\tile_r09_c10_prediction.tif,3,Tree / Woody Cover,tile_r09_c10,0.24383544921875,523264,262144,0.4161224365234375,0.021978786098770797,0.01415252685546875,0.0016530852495107633,512
34.9090576171875,18.490982055664062,25.4669189453125,5.2066802978515625,13.17291259765625,2.753448486328125,0.0,0.18490982055664062,0.02753448486328125,0.25820110319182277,0.539552042260766,0.002633469911937378,0.349090576171875,0.03438226210861057,18.78582745828988,99.05794057793472,129,0.349090576171875,21,0.18490982055664062,298,0.254669189453125,28,0.052066802978515625,197,0.1317291259765625,25,0.02753448486328125,0,0.0,EPSG:32647,TEST40,0.349090576171875,0.349090576171875,1,Built-up & Impervious,0.05954546844422701,0.7953244096246361,0.6577287412635161,0.1317291259765625,512,0.7953244096246361,0.3863983154296875,0.15926361083984375,D:\499_4\FINAL_INFERENCE\A7_RGBN_REVISED7_TVERSKY_TEST40\geotiff\tile_r09_c11_prediction.tif,3,Tree / Woody Cover,tile_r09_c11,0.254669189453125,523264,262144,0.5713081359863281,0.08047409984283149,0.052066802978515625,0.0034724345645792565,512
61.90643310546875,1.654052734375,18.312454223632812,0.688934326171875,16.466522216796875,0.9716033935546875,0.0,0.01654052734375,0.009716033935546875,0.040958601981401443,0.8612169513944536,0.0003726608365949119,0.6190643310546875,0.039544092465753425,18.771953688321922,99.01421354306908,76,0.6190643310546875,7,0.01654052734375,297,0.18312454223632812,9,0.00688934326171875,144,0.16466522216796875,10,0.009716033935546875,0,0.0,EPSG:32647,TEST40,0.6190643310546875,0.6190643310546875,1,Built-up & Impervious,0.04908612096379648,0.5405880091657022,0.40835702989140765,0.16466522216796875,512,0.5405880091657022,0.3477897644042969,0.17438125610351562,D:\499_4\FINAL_INFERENCE\A7_RGBN_REVISED7_TVERSKY_TEST40\geotiff\tile_r10_c08_prediction.tif,3,Tree / Woody Cover,tile_r10_c08,0.18312454223632812,523264,262144,0.3643302917480469,0.009584172279573977,0.00688934326171875,0.0004433708414872798,512
61.47270202636719,7.55767822265625,14.00909423828125,2.8102874755859375,12.359619140625,1.790618896484375,0.0,0.0755767822265625,0.01790618896484375,0.1858363605570048,0.6483824241440743,0.0008313203277886497,0.6147270202636719,0.031853901663405085,18.7719520119284,99.02878764228971,53,0.6147270202636719,19,0.0755767822265625,283,0.1400909423828125,12,0.028102874755859375,184,0.12359619140625,21,0.01790618896484375,0,0.0,EPSG:32647,TEST40,0.6147270202636719,0.6147270202636719,1,Built-up & Impervious,0.045499021526418784,0.6169130926834584,0.5056000470999189,0.12359619140625,512,0.6169130926834584,0.2636871337890625,0.14150238037109375,D:\499_4\FINAL_INFERENCE\A7_RGBN_REVISED7_TVERSKY_TEST40\geotiff\tile_r10_c09_prediction.tif,3,Tree / Woody Cover,tile_r10_c09,0.1400909423828125,523264,262144,0.339263916015625,0.029641465982422233,0.028102874755859375,0.0010740276418786693,512
51.63764953613281,1.7993927001953125,30.12237548828125,1.2660980224609375,13.969802856445312,1.204681396484375,0.0,0.017993927001953125,0.01204681396484375,0.0371665638522245,0.9107265810598619,0.0002599070450097847,0.5163764953613281,0.03692208904109589,18.771949199198087,99.04336173944473,112,0.5163764953613281,14,0.017993927001953125,273,0.3012237548828125,27,0.012660980224609375,190,0.13969802856445312,11,0.01204681396484375,0,0.0,EPSG:32647,TEST40,0.5163764953613281,0.5163764953613281,1,Built-up & Impervious,0.05366507155088063,0.5953684206978724,0.5573274201514279,0.13969802856445312,512,0.5953684206978724,0.4409217834472656,0.15174484252929688,D:\499_4\FINAL_INFERENCE\A7_RGBN_REVISED7_TVERSKY_TEST40\geotiff\tile_r10_c10_prediction.tif,3,Tree / Woody Cover,tile_r10_c10,0.3012237548828125,523264,262144,0.45891571044921875,0.02233000792330131,0.012660980224609375,0.002262720156555773,512
48.69499206542969,11.739730834960938,22.776412963867188,0.6023406982421875,14.361572265625,1.824951171875,0.0,0.11739730834960938,0.01824951171875,0.22866643994348124,0.7233735584304668,0.0009861179060665361,0.4869499206542969,0.03585570572407045,18.771945250131875,99.05793583348843,91,0.4869499206542969,15,0.11739730834960938,297,0.22776412963867188,18,0.006023406982421875,185,0.14361572265625,16,0.01824951171875,0,0.0,EPSG:32647,TEST40,0.4869499206542969,0.4869499206542969,1,Built-up & Impervious,0.05428235078277886,0.6790741060068171,0.6028754112502419,0.14361572265625,512,0.6790741060068171,0.3713798522949219,0.161865234375,D:\499_4\FINAL_INFERENCE\A7_RGBN_REVISED7_TVERSKY_TEST40\geotiff\tile_r10_c11_prediction.tif,3,Tree / Woody Cover,tile_r10_c11,0.22776412963867188,523264,262144,0.48877716064453125,0.008947887981776148,0.006023406982421875,0.0009994954745596869,512
73.39553833007812,4.843902587890625,9.737777709960938,0.2002716064453125,11.444473266601562,0.3780364990234375,0.0,0.04843902587890625,0.003780364990234375,0.1422083352226764,0.6218730853870511,0.001009050880626223,0.7339553833007812,0.022313784246575343,18.758071452874,99.01421238012131,39,0.7339553833007812,12,0.04843902587890625,244,0.09737777709960938,9,0.002002716064453125,136,0.11444473266601562,9,0.003780364990234375,0,0.0,EPSG:32647,TEST40,0.7339553833007812,0.7339553833007812,1,Built-up & Impervious,0.03120986729452055,0.4532994875934908,0.5228430409737879,0.11444473266601562,512,0.4532994875934908,0.211822509765625,0.11822509765625,D:\499_4\FINAL_INFERENCE\A7_RGBN_REVISED7_TVERSKY_TEST40\geotiff\tile_r11_c08_prediction.tif,5,Grassland / Herbaceous Cover,tile_r11_c08,0.09737777709960938,523264,262144,0.26026153564453125,0.0016968813724815845,0.002002716064453125,0.0001605308219178082,512
68.5516357421875,9.229660034179688,9.820175170898438,1.670074462890625,9.592056274414062,1.1363983154296875,0.0,0.09229660034179688,0.011363983154296875,0.2530833170749247,0.5322960875928402,0.0014734436154598826,0.685516357421875,0.02677424779843444,18.758069777810157,99.02878528689388,41,0.685516357421875,18,0.09229660034179688,261,0.09820175170898438,30,0.01670074462890625,147,0.09592056274414062,16,0.011363983154296875,0,0.0,EPSG:32647,TEST40,0.685516357421875,0.685516357421875,1,Built-up & Impervious,0.03940458353718199,0.539975358315421,0.628512374282029,0.09592056274414062,512,0.539975358315421,0.194122314453125,0.1072845458984375,D:\499_4\FINAL_INFERENCE\A7_RGBN_REVISED7_TVERSKY_TEST40\geotiff\tile_r11_c09_prediction.tif,3,Tree / Woody Cover,tile_r11_c09,0.09820175170898438,523264,262144,0.2864189147949219,0.01296794880181551,0.01670074462890625,0.0012976241438356164,512
64.66522216796875,4.766082763671875,14.485931396484375,0.6805419921875,14.4134521484375,0.98876953125,0.0,0.04766082763671875,0.0098876953125,0.12327992031350732,0.7475140229798853,0.000666967343444227,0.6466522216796875,0.033719116927592954,18.758066967310835,99.04335819160161,53,0.6466522216796875,25,0.04766082763671875,336,0.14485931396484375,19,0.006805419921875,194,0.144134521484375,17,0.0098876953125,0,0.0,EPSG:32647,TEST40,0.6466522216796875,0.6466522216796875,1,Built-up & Impervious,0.04871346012720157,0.5476259235335668,0.673075377389342,0.144134521484375,512,0.5476259235335668,0.28899383544921875,0.154022216796875,D:\499_4\FINAL_INFERENCE\A7_RGBN_REVISED7_TVERSKY_TEST40\geotiff\tile_r11_c10_prediction.tif,3,Tree / Woody Cover,tile_r11_c10,0.14485931396484375,523264,262144,0.3366546630859375,0.007866897620260715,0.006805419921875,0.0012479360322896283,512
54.78324890136719,6.853485107421875,19.488143920898438,2.2899627685546875,12.508010864257812,4.0771484375,0.0,0.06853485107421875,0.040771484375,0.15018247219268233,0.7011413245927542,0.0010568279109589042,0.5478324890136719,0.03153475110078278,18.758063021376923,99.05793109319922,81,0.5478324890136719,15,0.06853485107421875,245,0.19488143920898438,21,0.022899627685546875,168,0.12508010864257812,35,0.040771484375,0,0.0,EPSG:32647,TEST40,0.5478324890136719,0.5478324890136719,1,Built-up & Impervious,0.05061498593444227,0.6727140883667727,0.5603751459914722,0.12508010864257812,512,0.6727140883667727,0.3199615478515625,0.16585159301757812,D:\499_4\FINAL_INFERENCE\A7_RGBN_REVISED7_TVERSKY_TEST40\geotiff\tile_r11_c11_prediction.tif,3,Tree / Woody Cover,tile_r11_c11,0.19488143920898438,523264,262144,0.38849639892578125,0.029308001277968287,0.022899627685546875,0.0021404109589041095,512
10.30731201171875,12.540817260742188,26.889801025390625,1.6185760498046875,48.2025146484375,0.44097900390625,0.0,0.12540817260742188,0.0044097900390625,0.05170484655536711,0.3095999709330499,0.0007892765410958904,0.1030731201171875,0.020683631971624265,18.68864650789282,99.07247440494568,210,0.1030731201171875,43,0.12540817260742188,211,0.26889801025390625,62,0.016185760498046875,97,0.482025146484375,15,0.0044097900390625,0,0.0,EPSG:32647,TEST40,0.1030731201171875,0.482025146484375,5,Grassland / Herbaceous Cover,0.05855743945694716,0.6630246037717845,0.7941421442590023,0.482025146484375,512,0.6630246037717845,0.7509231567382812,0.4864349365234375,D:\499_4\FINAL_INFERENCE\A7_RGBN_REVISED7_TVERSKY_TEST40\geotiff\tile_r16_c12_prediction.tif,3,Tree / Woody Cover,tile_r16_c12,0.26889801025390625,523264,262144,0.8763313293457031,0.04861704946961254,0.016185760498046875,0.0041374908268101765,512
2.10723876953125,50.20484924316406,25.064849853515625,2.6256561279296875,19.393157958984375,0.604248046875,0.0,0.5020484924316406,0.00604248046875,0.04231744189746678,0.03747345507144928,0.0003822162426614481,0.0210723876953125,0.004907656555772994,18.688640315756732,99.08704135064616,72,0.0210723876953125,27,0.5020484924316406,134,0.25064849853515625,32,0.026256561279296875,106,0.19393157958984375,8,0.00604248046875,0,0.0,EPSG:32647,TEST40,0.0210723876953125,0.5020484924316406,2,Agricultural Land / Cropland,0.03788909613502935,0.6262548610161456,0.6078279556438182,0.19393157958984375,512,0.6262548610161456,0.444580078125,0.19997406005859375,D:\499_4\FINAL_INFERENCE\A7_RGBN_REVISED7_TVERSKY_TEST40\geotiff\tile_r16_c13_prediction.tif,3,Tree / Woody Cover,tile_r16_c13,0.25064849853515625,523264,262144,0.9466285705566406,0.04669257625937462,0.026256561279296875,0.004231133806262231,512
12.726593017578125,16.86248779296875,27.231216430664062,4.9957275390625,35.17494201660156,3.009033203125,0.0,0.1686248779296875,0.03009033203125,0.08584080776199698,0.31768711213953793,0.0005255473336594912,0.12726593017578125,0.019894355430528376,18.68863299269519,99.10160829011222,160,0.12726593017578125,28,0.1686248779296875,211,0.2723121643066406,35,0.049957275390625,111,0.3517494201660156,36,0.03009033203125,0,0.0,EPSG:32647,TEST40,0.12726593017578125,0.3517494201660156,5,Grassland / Herbaceous Cover,0.05443714836105675,0.7910907468229619,0.6615555216581941,0.3517494201660156,512,0.7910907468229619,0.6240615844726562,0.3818397521972656,D:\499_4\FINAL_INFERENCE\A7_RGBN_REVISED7_TVERSKY_TEST40\geotiff\tile_r16_c14_prediction.tif,3,Tree / Woody Cover,tile_r16_c14,0.2723121643066406,523264,262144,0.7926864624023438,0.1247056657448411,0.049957275390625,0.003541233488258317,512
8.40606689453125,37.27149963378906,28.068923950195312,0.49591064453125,25.223159790039062,0.5344390869140625,0.0,0.3727149963378906,0.005344390869140625,0.12532268767245114,0.17919072834774852,0.0006306568003913894,0.0840606689453125,0.016603473581213307,18.688624538710467,99.1161752223005,136,0.0840606689453125,22,0.3727149963378906,160,0.2806892395019531,17,0.0049591064453125,103,0.2522315979003906,8,0.005344390869140625,0,0.0,EPSG:32647,TEST40,0.0840606689453125,0.3727149963378906,2,Agricultural Land / Cropland,0.04642971807729941,0.6857046020086023,0.597278917710374,0.2522315979003906,512,0.6857046020086023,0.5329208374023438,0.25757598876953125,D:\499_4\FINAL_INFERENCE\A7_RGBN_REVISED7_TVERSKY_TEST40\geotiff\tile_r16_c15_prediction.tif,3,Tree / Woody Cover,tile_r16_c15,0.2806892395019531,523264,262144,0.9056358337402344,0.01057124463841319,0.0049591064453125,0.0006956335616438356,512
7.9029083251953125,28.071212768554688,21.7498779296875,3.8341522216796875,35.4766845703125,2.9651641845703125,0.0,0.2807121276855469,0.029651641845703125,0.08873768843477592,0.18090251088142395,0.0010912273727984344,0.07902908325195312,0.014298709637964774,18.674764159858167,99.07246850338753,170,0.07902908325195312,46,0.2807121276855469,208,0.217498779296875,60,0.038341522216796875,132,0.354766845703125,21,0.029651641845703125,0,0.0,EPSG:32647,TEST40,0.07902908325195312,0.354766845703125,5,Grassland / Herbaceous Cover,0.057082084760273974,0.7636567561310519,0.6674325439329339,0.354766845703125,512,0.7636567561310519,0.572265625,0.3844184875488281,D:\499_4\FINAL_INFERENCE\A7_RGBN_REVISED7_TVERSKY_TEST40\geotiff\tile_r17_c12_prediction.tif,2,Agricultural Land / Cropland,tile_r17_c12,0.217498779296875,523264,262144,0.8529777526855469,0.0877661406993866,0.038341522216796875,0.005784842832681018,512
12.65716552734375,33.37974548339844,26.727676391601562,4.6234130859375,19.109725952148438,3.5022735595703125,0.0,0.3337974548339844,0.035022735595703125,0.16899718553759158,0.23206863552331924,0.001293801981409002,0.1265716552734375,0.018676996697651663,18.674757972652348,99.08703426291152,161,0.1265716552734375,42,0.3337974548339844,195,0.2672767639160156,33,0.046234130859375,116,0.19109725952148438,32,0.035022735595703125,0,0.0,EPSG:32647,TEST40,0.1265716552734375,0.3337974548339844,2,Agricultural Land / Cropland,0.0563768957925636,0.7997821236673737,0.643716645737295,0.19109725952148438,512,0.7997821236673737,0.4583740234375,0.2261199951171875,D:\499_4\FINAL_INFERENCE\A7_RGBN_REVISED7_TVERSKY_TEST40\geotiff\tile_r17_c13_prediction.tif,3,Tree / Woody Cover,tile_r17_c13,0.2672767639160156,523264,262144,0.7921714782714844,0.0847700983285904,0.046234130859375,0.0035679886252446185,512
13.92669677734375,25.664901733398438,20.338058471679688,3.4526824951171875,31.423568725585938,5.194091796875,0.0,0.2566490173339844,0.05194091796875,0.14297092170454562,0.2883473946712911,0.002858977495107632,0.1392669677734375,0.019856133806262232,18.674750655421526,99.10160001620343,172,0.1392669677734375,39,0.2566490173339844,251,0.20338058471679688,29,0.034526824951171875,138,0.3142356872558594,43,0.05194091796875,0,0.0,EPSG:32647,TEST40,0.1392669677734375,0.3142356872558594,5,Grassland / Herbaceous Cover,0.0560596563111546,0.8125367169176776,0.6631119144270776,0.3142356872558594,512,0.8125367169176776,0.5176162719726562,0.3661766052246094,D:\499_4\FINAL_INFERENCE\A7_RGBN_REVISED7_TVERSKY_TEST40\geotiff\tile_r17_c14_prediction.tif,2,Agricultural Land / Cropland,tile_r17_c14,0.20338058471679688,523264,262144,0.7742652893066406,0.0714865856571123,0.034526824951171875,0.00261818126223092,512
6.755828857421875,40.425872802734375,16.733169555664062,2.7423858642578125,28.437042236328125,4.90570068359375,0.0,0.40425872802734375,0.0490570068359375,0.10924411122687161,0.12206488812807947,0.0029564426369863015,0.06755828857421875,0.010877874266144814,18.674742208167988,99.11616576222029,198,0.06755828857421875,45,0.40425872802734375,190,0.16733169555664062,25,0.027423858642578125,71,0.28437042236328125,58,0.0490570068359375,0,0.0,EPSG:32647,TEST40,0.06755828857421875,0.40425872802734375,2,Agricultural Land / Cropland,0.04614114481409002,0.7458994906357901,0.6060740478825459,0.28437042236328125,512,0.7458994906357901,0.4517021179199219,0.33342742919921875,D:\499_4\FINAL_INFERENCE\A7_RGBN_REVISED7_TVERSKY_TEST40\geotiff\tile_r17_c15_prediction.tif,5,Grassland / Herbaceous Cover,tile_r17_c15,0.16733169555664062,523264,262144,0.8559608459472656,0.04954966012155637,0.027423858642578125,0.002413695572407045,512
